config,accuracy,precision,recall,f1
"{'n_estimators': 50, 'max_depth': 5}",0.6935256410256411,0.7063813416116049,0.9319088319088319,0.8030195395041811
"{'n_estimators': 100, 'max_depth': 10}",0.7241666666666667,0.7362551119097609,0.9207977207977208,0.817426814407975
"{'n_estimators': 200, 'max_depth': None}",0.7166666666666666,0.7334388202984028,0.9095441595441596,0.8114620648553617
