k,wcss,silhouette
2,49486287.903445095,0.2610633291079305
3,40159874.09994477,0.26005901931818287
4,33104090.517095327,0.29596813929123594
