k,wcss,silhouette
2,4510302412718668.0,0.15302502011299593
3,4126518451452694.0,0.1045560419200294
4,3885829183780169.0,0.09622254738234111
