config,accuracy,precision,recall,f1
"{'n_estimators': 50, 'max_depth': 5}",0.7061538461538461,0.7149027312011058,0.9354700854700855,0.8100239378128171
"{'n_estimators': 100, 'max_depth': 10}",0.7062820512820512,0.7232473830196791,0.9131054131054132,0.8068443498658853
"{'n_estimators': 200, 'max_depth': None}",0.6987820512820513,0.7151239283592224,0.917094017094017,0.8033247206488662
